,precision,recall,f1-score,support
Cardiovascular,0.9767441860465116,0.8203125,0.89171974522293,256.0
Neurological,0.9135446685878963,0.8879551820728291,0.9005681818181818,357.0
Hepatorenal,0.9880952380952381,0.7443946188340808,0.8491048593350383,223.0
Oncological,0.9888888888888889,0.6544117647058824,0.7876106194690266,136.0
micro avg,0.9536585365853658,0.8045267489711934,0.8727678571428571,972.0
macro avg,0.9668182454046337,0.776768516403198,0.8572508514612942,972.0
weighted avg,0.9578354787015565,0.8045267489711934,0.8706260530510929,972.0
samples avg,0.9474053295932678,0.8598644226273958,0.8845254791958859,972.0
