{
  "weighted_f1": 0.8706260530510929,
  "exact_match_accuracy": 0.7363253856942497
}