{
  "weighted_f1": 0.9732372923663151,
  "exact_match_accuracy": 0.9416549789621318
}